{
  "seed": 42,
  "generated_at": "2026-04-17T07:27:37.318077",
  "num_accounts": 30,
  "accounts": [
    "A001",
    "A002",
    "A003",
    "A004",
    "A005",
    "A006",
    "A007",
    "A008",
    "A009",
    "A010",
    "A011",
    "A012",
    "A013",
    "A014",
    "A015",
    "A016",
    "A017",
    "A018",
    "A019",
    "A020",
    "A021",
    "A022",
    "A023",
    "A024",
    "A025",
    "A026",
    "A027",
    "A028",
    "A029",
    "A030"
  ],
  "colluding_accounts": [
    "A003",
    "A013",
    "A019",
    "A021",
    "A030"
  ],
  "num_transactions": 6000,
  "fraud_ratio_observed_ground_truth": 0.16083333333333333,
  "fraud_ratio_observed_labels": 0.05466666666666667,
  "label_capture_rate_empirical": 0.3398963730569948
}